x,y,z,type
152,17,-257,minecraft:mob_spawner
153,17,-255,minecraft:chest
149,17,-256,minecraft:chest
170,18,-248,minecraft:mob_spawner
169,38,-375,minecraft:chest
-107,12,-353,minecraft:mob_spawner
-112,11,-272,minecraft:chest
189,27,-218,minecraft:mob_spawner
187,27,-219,minecraft:chest
31,40,-393,minecraft:mob_spawner
192,17,-247,minecraft:mob_spawner
-114,11,-270,minecraft:mob_spawner
-114,11,-272,minecraft:chest
-76,38,-403,minecraft:mob_spawner
-79,38,-403,minecraft:chest
-73,38,-402,minecraft:chest
-119,35,-401,minecraft:mob_spawner
-141,36,-139,minecraft:chest
-189,29,-308,minecraft:mob_spawner
140,33,-4,minecraft:mob_spawner
141,33,-7,minecraft:chest
141,33,-1,minecraft:chest
-87,51,9,minecraft:chest
-236,16,-284,minecraft:mob_spawner
-235,16,-286,minecraft:chest
-237,16,-286,minecraft:chest
-252,52,-218,minecraft:chest
-253,52,-228,minecraft:chest
-254,54,-234,minecraft:chest
