x,y,z,uuid,type,alive,display_name,custom_name
85.55000001192093,242.90598288372118,-210.44999998807907,0b153362-fc3d-40ce-bacd-e5641264a8e0,minecraft:sheep,true,Sheep,[null]
82.17662985910157,240.90598288372138,-207.14797257405593,615c5754-0d75-429a-9b2d-7bc8daf83f9c,minecraft:sheep,true,Sheep,[null]
79.21412718822661,77.30000001192093,-256.49677712396544,71c1d050-f0ec-4c7d-b415-388e62d8179e,minecraft:chicken,true,Chicken,[null]
67.24462213413226,73.10000002384186,-262.4994992657039,d645e8d4-729d-40db-bb98-af8992ca410f,minecraft:pig,true,Pig,[null]
77.50183095105739,246.90598288372075,-231.1852087284694,9c23d46b-f837-45c5-8bb9-27f6d11a2a51,minecraft:sheep,true,Sheep,[null]
107.77853161349752,74.60000002384186,-236.55000001192093,56becc0b-561e-4246-bb98-98cb3d93f86e,minecraft:cow,true,Cow,[null]
113.174909925672,66.30000001192093,-220.07781138065306,2e626d55-1bd0-44f3-8a0f-8e1e2120ae9a,minecraft:fox,true,Fox,[null]
190.5,9.0625,-264.5,27819e95-3f76-4c8d-a2e3-a457e9db498b,minecraft:chest_minecart,true,Minecart with Chest,[null]
183.5,17.0625,-239.5,60a7373d-f801-40b3-8a95-beb5ee2b7cf1,minecraft:chest_minecart,true,Minecart with Chest,[null]
-103.75,41.0,-395.125,3dc5c1fe-5d5a-437e-86e2-f703afbd96a5,minecraft:item,true,Rail,[null]
-103.75,41.0,-397.64466215354037,49c748d5-8252-46c8-9dbc-51edd1d2bdc9,minecraft:item,true,Rail,[null]
-111.67994169310059,41.0,-394.89866224228314,93f32394-1c86-4845-ad90-39e4112e075a,minecraft:item,true,Rail,[null]
-111.44778642405255,41.0,-395.9911510239782,c68ff0f8-762a-4b2f-8e86-69bc00331530,minecraft:item,true,Rail,[null]
-100.125,41.0,-395.125,7901f985-2272-4372-bd67-3e77cdd77758,minecraft:item,true,Rail,[null]
196.5,19.0625,-290.5,eea1bb01-b09d-4e21-8ccd-5de5e250ff02,minecraft:chest_minecart,true,Minecart with Chest,[null]
206.5,18.0625,-273.5,a4a08250-e49a-48b3-8c9d-60beb734d6cd,minecraft:chest_minecart,true,Minecart with Chest,[null]
197.5,22.0625,-281.5,81aed27b-5cee-4b31-8efe-293d90acbee2,minecraft:chest_minecart,true,Minecart with Chest,[null]
194.875,17.21311566710371,-272.125,ba3a9080-85d5-4188-be27-6a0059e27c7d,minecraft:item,true,String,[null]
193.875,21.0,-257.59047449293706,36b526ed-a0fa-494e-aade-f314ed458aab,minecraft:item,true,Rail,[null]
194.801428672476,62.44264752786179,-256.5554876927148,63653a7e-9909-4ae2-86f2-7dcb41780a56,minecraft:item,true,Kelp,[null]
193.807408761674,62.461439016264244,-262.5638875760552,117baae5-344b-46fb-8747-91da4eb606ad,minecraft:item,true,Kelp,[null]
193.53822138586958,62.423875232225164,-260.554498880233,4c99cc37-81b0-4621-b38a-6e3da6a4b005,minecraft:item,true,Kelp,[null]
192.8100414919885,62.533828671431046,-259.1128332047862,65e25256-9c95-421b-aac7-b624fb342788,minecraft:item,true,Kelp,[null]
192.28745002802745,62.56495301018263,-262.9352956592772,be9745d7-114f-41b9-8529-56ac2f4b806a,minecraft:item,true,Kelp,[null]
194.62877652728838,62.40169025994285,-255.12583246581355,c37d3fee-a268-4cd9-8e2c-25a405c48928,minecraft:item,true,Kelp,[null]
-55.52359510691156,241.9059828837213,-68.75307587450553,0a253173-57dd-4a0d-89a2-aeddb4d04141,minecraft:pig,true,Pig,[null]
-52.08104208556652,240.90598288372138,-63.86320903894331,27fe2a22-8910-40bf-a655-9a287b63e5e3,minecraft:pig,true,Pig,[null]
-44.80172167372704,240.90598288372138,-69.19188811165914,e45a9d0c-134a-49c8-ac2b-99aa7a1d9e00,minecraft:pig,true,Pig,[null]
196.875,20.0,-198.75,082ce370-ebfe-4e09-b006-1270fb5c47f9,minecraft:item,true,Rail,[null]
196.875,20.0,-207.66906114095627,50f5561b-fc95-471a-bbe8-249445e3842b,minecraft:item,true,Rail,[null]
195.8682365627584,20.0,-196.30461911444166,31b3f6d9-2e4c-442d-8ad5-78920ef490ab,minecraft:item,true,Rail,[null]
194.41993897216307,20.0,-197.52151513894165,ac7aa7d3-d0b3-41cf-9288-1acc12391e29,minecraft:item,true,Rail,[null]
195.69105188474094,20.0,-208.35070352481796,d374de92-4e49-4e1c-9da3-95a9698d0514,minecraft:item,true,Rail,[null]
-98.67482498288155,41.46133318543434,-411.40200313925743,979c6471-df7c-410c-80aa-0055e7ee0494,minecraft:item,true,Rail,[null]
-98.4633938074112,41.46931168437004,-412.29019045829773,43956741-75e9-4eb0-add0-843b0c1a7161,minecraft:item,true,Rail,[null]
-98.5762277841568,41.63057532906532,-410.54569113254547,36097b92-597c-43da-b87e-136791705251,minecraft:item,true,Rail,[null]
-98.41874188184738,41.577664732933044,-413.3020220696926,6ff9ca65-2bfe-465e-9c44-5bbb66338a3f,minecraft:item,true,Rail,[null]
-98.50931569933891,41.622159004211426,-409.5144519209862,bc423b4e-13fd-49cd-9a46-9e417643d7cf,minecraft:item,true,Rail,[null]
-98.28247305750847,41.67104282975197,-408.6290358901024,7c228027-ebbf-491f-bffb-0abf5021a55d,minecraft:item,true,Rail,[null]
-98.64942407608032,41.42444998025894,-407.4416572153568,488d0592-63f9-43d0-b41a-9f5519b11cf1,minecraft:item,true,Rail,[null]
-98.51565062999725,41.39763185381889,-405.69562524557114,f59b37c3-f1b3-4879-85ae-b9f79438ae5e,minecraft:item,true,Rail,[null]
-91.18627922958134,41.0,-411.82378608860404,de5d3e69-43ec-4d3f-85ea-cd69f3e1f74e,minecraft:item,true,Rail,[null]
-92.2723265376327,41.0,-414.22961844139184,2fb8009d-53b2-4872-a58c-d9808c014582,minecraft:item,true,Rail,[null]
-51.31958986835334,239.9059828837215,-69.8685676577636,108b338e-e5d0-4462-a9b6-cd46d27cd286,minecraft:pig,true,Pig,[null]
217.75,8.0,-249.875,6e1b2f5c-563f-440a-a3c2-d41c328ec873,minecraft:item,true,Rail,[null]
217.5,18.0625,-258.5,a901f35f-a61e-486a-aba9-4a80cfebc4a9,minecraft:chest_minecart,true,Minecart with Chest,[null]
-181.69715418530498,46.0,-187.23996655828145,91173339-258b-4030-b88a-129baed146a8,minecraft:drowned,true,Drowned,[null]
-55.18309601029677,139.23652680043674,-174.152151867666,ee09e6a5-35a8-4445-8345-acef5ced0a01,minecraft:player,true,GJVIRGO,[null]
234.75,13.0,-288.125,1831a81e-3163-408d-8b6b-669268142eff,minecraft:item,true,Rail,[null]
232.93453045976602,13.0,-290.875,26867562-8d99-4549-8a2e-5f4cc9fc8e3a,minecraft:item,true,Rail,[null]
232.16384837911434,13.0,-288.5479283910851,5c3516c5-9fa8-4ed1-b475-95137e15dc8b,minecraft:item,true,Rail,[null]
232.5,27.0625,-294.5,4ab6ac2b-50fd-44a5-972d-24746003fbab,minecraft:chest_minecart,true,Minecart with Chest,[null]
227.91990245351374,63.0,-318.0,cdbd9d89-9736-424a-b116-5c524986cb5c,minecraft:turtle,true,Turtle,[null]
228.9007059933088,63.0,-315.9117584767759,3f8bd50e-d151-4b7b-8755-ce94315953b1,minecraft:turtle,true,Turtle,[null]
225.93370301695794,64.0,-318.0,49181f27-8b2a-45e3-812e-d74f845b6238,minecraft:turtle,true,Turtle,[null]
225.20000004768372,67.0,-307.59391999785976,af51732f-0444-4886-a710-1fc50d825e84,minecraft:turtle,true,Turtle,[null]
228.91229534782767,65.0,-307.0503967772377,3261a690-2563-4441-a64d-6d3155e21c2a,minecraft:turtle,true,Turtle,[null]
241.875,13.00149000007077,-288.125,bd444481-f9ed-45e0-9cc5-5fc7a9943cec,minecraft:item,true,Rail,[null]
241.875,13.013566347557818,-289.19180665478876,b963c27b-78b8-426f-96d4-e44b253f5222,minecraft:item,true,Rail,[null]
-205.5,33.0625,-335.5,1200b27c-4f22-4710-982c-729ccf56b6bc,minecraft:chest_minecart,true,Minecart with Chest,[null]
84.5,255.90598288371982,-265.5,5e4caefe-9982-4e3a-a262-4e2871bd3ce4,minecraft:pig,true,Pig,[null]
82.55000001192093,80.70000004768372,-250.2568262607532,64482dd8-dd7e-4d99-9885-888cc85c5169,minecraft:sheep,true,Sheep,[null]
85.5,255.90598288371982,-263.5,f2a13a7a-78c5-416e-95a1-85aff60e31a5,minecraft:sheep,true,Sheep,[null]
-216.5,22.009999990463257,-96.5,80433814-f500-4105-aaa9-0c5b18f00979,minecraft:falling_block,true,Falling Block,[null]
-210.5,31.009999990463257,7.5,45299979-1756-4f68-b6bd-ba929cee8ae7,minecraft:falling_block,true,Falling Block,[null]
-210.5,31.009999990463257,7.5,9eb8edea-d928-421f-8dbf-63d5d892790f,minecraft:falling_block,true,Falling Block,[null]
-147.5,13.009999990463257,39.5,6d601717-ee99-41a9-9474-ef50c38bfb0a,minecraft:falling_block,true,Falling Block,[null]
-148.5,12.009999990463257,39.5,1868faf0-3729-459c-ab25-0c8f919ca960,minecraft:falling_block,true,Falling Block,[null]
-31.534771167638816,78.4278977034569,-185.5155789340673,5469174f-a834-441c-84d3-2f04717385b3,minecraft:player,true,CapMe,[null]
134.5,13.009999990463257,15.5,77369431-5784-457a-9835-6e3547df78b7,minecraft:falling_block,true,Falling Block,[null]
138.5,12.009999990463257,14.5,b52722ae-5575-41ac-8f75-0ddd197dc621,minecraft:falling_block,true,Falling Block,[null]
79.875,76.0,-257.3921999583557,f3e0c934-3c99-4ed1-982d-98b551ab3de6,minecraft:item,true,Egg,[null]
-65.61507442800998,43.923720040473576,-226.54442466388406,0f0334a5-371b-4f67-b6f2-c8f99c4eecf2,minecraft:cod,true,Cod,[null]
-81.93726360690574,62.7589844953235,-141.63318778143588,11c1fc00-2351-43a3-9fe5-3b56acbaa968,minecraft:cod,true,Cod,[null]
-39.93453610055166,11.015700000047497,-195.77072875957563,c22e4f1b-25ac-41d5-bc1d-b019ea9e344c,minecraft:item,true,Raw Cod,[null]
-40.095675896377514,11.002186000117794,-195.125,88190c4c-aff4-42a7-8967-5cb22fee8d52,minecraft:item,true,Bone Meal,[null]
-63.84918654947056,62.3955625660744,-201.38086690892933,c0b8b3e5-a734-49bd-ac17-b83bf9f3e2e8,minecraft:item,true,Raw Cod,[null]
-43.5,31.0,-128.5,a54de3ae-b4a7-403a-8abc-89d8bc079917,minecraft:drowned,true,Drowned,[null]
-71.48814217088626,47.20850886092659,-153.5367183979508,f81b7292-cf89-43d3-bb5b-f498a0e40c20,minecraft:cod,true,Cod,[null]
-81.44669950635989,54.67202987784197,-125.47715926141326,f8ef4f01-ba40-49df-8fb3-6b4f29295075,minecraft:cod,true,Cod,[null]
-2.6486349364794,55.47356428813087,-206.5120483251398,beb262cb-538b-407a-97c7-6ae1d5c69b3f,minecraft:cod,true,Cod,[null]
-0.7675032382957627,55.6998944981715,-205.48006790477592,356bf470-a8fb-46c5-b2a8-0de2e1cc0871,minecraft:cod,true,Cod,[null]
-91.42656189056771,62.761631565869536,-237.40003649467835,75f8a9b6-dad7-46b9-9d4f-208b96fcc72a,minecraft:cod,true,Cod,[null]
-116.93258663879121,35.05571161329493,-142.02245432918284,58ede4d7-a958-45f9-a04d-7a4a085b514e,minecraft:cod,true,Cod,[null]
-118.5,49.30870464469522,-146.46177954329758,a2874e4c-1fa3-4c44-9875-d4071b50996d,minecraft:cod,true,Cod,[null]
-118.67792370033115,48.65912537643895,-147.924951252738,47696ef2-4916-460f-a088-8d88a8716035,minecraft:cod,true,Cod,[null]
-128.34586431436898,61.14114761774719,-213.33701607562222,6080b2b2-21ce-4e5a-960d-1658b374857e,minecraft:cod,true,Cod,[null]
-55.39837792143226,52.11085801012814,-141.40023406594992,d254e23c-4a4c-412d-9080-24d0923f61c0,minecraft:squid,true,Squid,[null]
-129.98740676896398,60.875912307311395,-214.01623130718258,9e869165-6cd9-4d87-be88-86bd9f7def42,minecraft:cod,true,Cod,[null]
-127.43784308931103,61.43103736321975,-213.87709491903442,9d79add3-1efb-4c30-bcef-2e0ed129c790,minecraft:cod,true,Cod,[null]
-63.320374487980885,52.4980624693929,-183.0393031428484,6a81a6b9-9ac9-4865-97ca-8e8959a17f43,minecraft:cod,true,Cod,[null]
-76.17082358896732,55.17217570729554,-135.77686236053705,8355e95e-8c8c-421a-93ca-ddfdaf849e17,minecraft:squid,true,Squid,[null]
-81.1882714411216,55.663695690917834,-124.18792650536265,05ab6d4a-ee83-48ba-b486-fdde1ef104cd,minecraft:cod,true,Cod,[null]
-82.2534330006071,56.4896338664138,-125.27365854762151,8e1a03b2-59e3-42e9-a289-0b7ca4acdd01,minecraft:cod,true,Cod,[null]
-92.57595483191737,53.516346739123215,-248.15465116424699,683b2e41-6a35-4d24-a22c-d9b8ac3146be,minecraft:cod,true,Cod,[null]
-104.25665419881186,34.510133993768676,-136.54337937671522,a2bc30c0-84d8-45ff-be98-563fd97e073b,minecraft:cod,true,Cod,[null]
-47.1287689460651,44.50832919916209,-206.29291809507922,3e233ace-9ead-422f-a531-35a64de4e553,minecraft:cod,true,Cod,[null]
-58.10677384094922,48.00704098322207,-116.97728025845166,e068e205-b416-44ba-b2df-1e2194860cf7,minecraft:cod,true,Cod,[null]
16.593302575529673,62.75900582787146,-105.68668852496734,ed43cdfd-4120-4a9b-bd94-23faeb102d45,minecraft:cod,true,Cod,[null]
-100.61843600819536,62.505999732944005,-218.0885378255019,ed085e70-aea4-474b-b318-3c26000d71a3,minecraft:cod,true,Cod,[null]
-107.47801665400416,53.25729759044121,-216.69276802041978,afaa2276-d3be-49db-be50-1df904ab5ea2,minecraft:dolphin,true,Dolphin,[null]
-29.50439024981068,39.58143154762591,-132.4590075936407,300ad11d-c592-4bb4-bcb5-edf394b2ae72,minecraft:cod,true,Cod,[null]
-89.1021374058871,48.68221408909135,-197.0030898316441,d2a4f7c6-8f85-42b3-9604-73bc0e3f1c0e,minecraft:cod,true,Cod,[null]
-43.608662560298384,45.51819730765873,-154.1901366240202,29310045-9b2e-49be-8263-b97776338b44,minecraft:cod,true,Cod,[null]
4.57160275811746,55.349215751435985,-97.10124651045417,1d3340d9-444b-47d0-81d2-8d56a186babd,minecraft:cod,true,Cod,[null]
4.812323853074367,55.1887099284086,-98.74919498387597,5b834392-d4a5-4d79-a537-0ce25d72fa6a,minecraft:cod,true,Cod,[null]
-63.31914868940078,51.96227308737442,-184.31915505449157,c8ea6a73-9502-4df6-859d-8b5baac67fc2,minecraft:cod,true,Cod,[null]
-63.82220470160397,52.03817535495749,-184.90428245203475,f6cf7870-1ceb-4c29-a53c-5f4bc047c5ea,minecraft:cod,true,Cod,[null]
-64.72002432383671,51.774240350666645,-185.0086788150352,a9d3aba4-e641-44f2-982c-d278606dd129,minecraft:cod,true,Cod,[null]
-118.46166552233183,62.24327965227224,-185.74711748196228,82558069-b490-485b-accd-e4dc1e3eb0b0,minecraft:cod,true,Cod,[null]
-119.17129015385854,62.25196673978346,-184.8037589215395,dc1d8fba-18e4-4ae5-b6bf-ecacc5e3c368,minecraft:cod,true,Cod,[null]
-47.03274246697941,48.591410695743164,-140.83799356580158,7f958749-1d2c-4d4d-b827-452125ea1e11,minecraft:cod,true,Cod,[null]
-48.2809944005615,47.898632932506196,-142.2334316146995,b2e45e1b-a3d4-4a73-8f0b-211f1258ef95,minecraft:cod,true,Cod,[null]
-46.40923537827605,62.76252746751401,-139.49635842368065,5c55ece1-1518-408b-a78d-19987b243360,minecraft:cod,true,Cod,[null]
-47.99260695305235,61.70452280166942,-141.00363975439734,96d106cf-120c-4b0e-b16a-63f080a80e40,minecraft:cod,true,Cod,[null]
-70.47424687705781,47.857191846630464,-127.966224149442,dc2137cc-4e87-4708-96ce-21d089c280e0,minecraft:cod,true,Cod,[null]
-9.5,25.049999952316284,-136.5,3b013de7-438e-4e3e-b0eb-078c09ebef43,minecraft:zombie,true,Zombie,[null]
-25.790488076012053,57.04999999973021,-191.42594290756492,4d29c135-9e87-43ad-9e53-f11c5baba010,minecraft:arrow,true,Arrow,[null]
19.5,32.0,-141.5,2c4f2d79-cca5-4a6f-aaae-1bc5a0cecba6,minecraft:drowned,true,Drowned,[null]
-35.5,17.0,-197.5,0893423b-4495-4114-aefe-0ccaa6ddbe05,minecraft:spider,true,Spider,[null]
-29.838057564010043,16.0,-199.498558128622,e89e40c3-366f-45c7-a537-fcbbec3c2e93,minecraft:creeper,true,Creeper,[null]
-51.08226513503777,77.04615605531059,-176.15027096122273,ed27652e-7777-4e4e-97cb-c79e2140c334,minecraft:arrow,true,Arrow,[null]
-50.1909677425449,77.0481974590084,-177.49871314298633,6cd14150-e99d-453c-aeb8-6a2381d6574d,minecraft:arrow,true,Arrow,[null]
-152.88449295303172,47.050000001320434,-126.66336154450165,53c7365f-8dd5-490d-9d71-ac47fbc9f64d,minecraft:arrow,true,Arrow,[null]
-28.81876374659845,30.0,-141.81876374659703,c68a9dbe-ddc9-45d3-8fc5-409f6ca16c13,minecraft:drowned,true,Drowned,[null]
-125.3341751182514,34.05000000128159,-118.66450831959752,cdb2e467-3de3-4f7a-984b-b2a5bee596d7,minecraft:arrow,true,Arrow,[null]
-9.5,17.0,-136.5,26ca2357-9bfa-4bcb-8e69-a98ed6aa6f5c,minecraft:zombie,true,Zombie,[null]
20.613349649490054,39.0,-101.5002244787044,36b8db64-c20a-4b56-8aa5-495ed23fbee6,minecraft:drowned,true,Drowned,[null]
-102.28395306819739,38.137200503642504,-228.56960889442436,b07b16e7-4da9-44d0-84ca-76e939f537f8,minecraft:bat,true,Bat,[null]
-92.36589420068324,13.02082699701438,-123.47057194572075,988e1cb2-2389-4eb6-9a7e-f3154385ed39,minecraft:bat,true,Bat,[null]
-55.5,36.0,-91.5,f1b5c292-dffb-428d-a359-e6f3a2ba0d89,minecraft:zombie,true,Zombie,[null]
-104.73648435750117,37.0,-223.55423091065902,444b8e3f-ada1-4572-8a33-4a2459c00c23,minecraft:zombie,true,Zombie,[null]
-111.19650039846924,38.0,-224.5205342979884,36286b73-2ca4-41c5-9bdb-efbf253bf960,minecraft:zombie,true,Zombie,[null]
-128.5,32.0,-157.5,cff14734-72d0-42e5-bb8c-cc0a4fbf8dff,minecraft:drowned,true,Drowned,[null]
-6.566624133268227,15.33237755542448,-143.59229622512848,f29b19ce-b404-46a7-bd6d-0cc3a66ce7ae,minecraft:bat,true,Bat,[null]
-44.5,31.0,-142.5,b6aaef8a-1bd4-4c28-b6b0-658327c1cca2,minecraft:drowned,true,Drowned,[null]
-65.5,32.0,-119.5,53a63c8c-2129-4d54-ab0a-fe4f29787a7c,minecraft:drowned,true,Drowned,[null]
44.25,60.32612399960109,-208.75,4169a1d7-50d8-42b0-bd88-1fb55d732618,minecraft:bat,true,Bat,[null]
-26.5,32.0,-201.5,3e207d17-82e0-40db-92b7-43339f45e915,minecraft:skeleton,true,Skeleton,[null]
-90.76819882826774,37.0,-214.62175349701116,21fb3baf-62c5-420b-8d5e-9d04b57c398b,minecraft:drowned,true,Drowned,[null]
-94.5,12.0,-124.5,066b3a63-7041-45f9-9e30-962e1a5892dc,minecraft:skeleton,true,Skeleton,[null]
-64.10463702131946,19.07391373415882,-152.69430249028332,b723808b-ebc7-4a85-8d05-d7dde4533b40,minecraft:bat,true,Bat,[null]
-66.5739047404667,19.860126137543702,-150.37678669067955,aad70c7d-f6cb-4d56-b4ec-a2b69b19c6dc,minecraft:bat,true,Bat,[null]
-107.46428411955375,37.16510886404566,-225.77693347944103,919456d9-528d-4127-9b7a-79c3403e2880,minecraft:bat,true,Bat,[null]
-102.74726090809098,38.0479576646955,-226.78224998223735,92f452da-b05f-43ef-b88d-6eee620d04e8,minecraft:bat,true,Bat,[null]
-20.74849561460319,14.117381597404362,-209.64137845863115,9b0b088c-e279-4326-86e6-7b204381c9e6,minecraft:bat,true,Bat,[null]
-28.72865322110759,15.417696981694888,-205.3260841546091,e029c00e-731b-4d49-8578-67737117efdb,minecraft:bat,true,Bat,[null]
-23.93578816409787,15.31468073841775,-205.02357608349803,6aa15fb4-51a5-4a5a-99cb-91503f2403d3,minecraft:bat,true,Bat,[null]
-68.5,19.0,-150.5,6cb875cb-2260-4677-a972-00fa315467fe,minecraft:zombie,true,Zombie,[null]
-20.056884078671366,12.224217273393732,-211.62096142253452,e5a33c0e-3d3d-4949-8324-43732aec9bdb,minecraft:bat,true,Bat,[null]
-22.5,14.0,-83.5,db04a139-89bd-4a41-99bf-c9cf7063a5a8,minecraft:zombie,true,Zombie,[null]
134.5,12.009999990463257,17.5,e30cb248-dc49-424a-9d4c-2f79b65ab841,minecraft:falling_block,true,Falling Block,[null]
42.5,42.0,-115.5,2d103049-8e42-4ef5-9398-cedd4a63aea3,minecraft:drowned,true,Drowned,[null]
-74.5,38.0,-257.5,7d565a84-f742-41de-90da-b90431abe694,minecraft:skeleton,true,Skeleton,[null]
-20.5,27.0,-216.5,353537a6-8e22-4c9e-859c-a638c629e5cf,minecraft:skeleton,true,Skeleton,[null]
-67.5,19.0,-149.5,0489251d-06b2-47b6-b5d7-f9d5054ab897,minecraft:zombie,true,Zombie,[null]
-79.5,42.0,-262.5,cc0d0688-2bbf-45ec-a809-ceb0cb1d8f83,minecraft:drowned,true,Drowned,[null]
38.992364620084224,24.0,-211.83054614030462,dcbf9f07-5a7e-472c-a727-4dc89cef5a0f,minecraft:creeper,true,Creeper,[null]
38.5,24.0,-209.5,7a96239b-df2b-464b-8a03-706356bf134b,minecraft:creeper,true,Creeper,[null]
-14.5,27.0,-225.5,34eadf63-ce61-41eb-8c5a-a69ef4179758,minecraft:zombie,true,Zombie,[null]
-95.5,34.0,-94.5,c4cc3e31-b6f6-467b-aad3-b5aaaf3aa890,minecraft:drowned,true,Drowned,[null]
-107.57595914835791,37.0,-223.4205116592983,2b571c93-2b28-4758-8952-c669563491d9,minecraft:creeper,true,Creeper,[null]
36.5,22.0,-168.5,3c40eb8d-989e-48cd-adff-1db56047602a,minecraft:zombie,true,Zombie,[null]
43.5,22.0,-171.5,7961ba14-904e-48b0-b9e8-40ea70e71ccc,minecraft:creeper,true,Creeper,[null]
48.25,39.10000002384186,-240.51387477733041,b5b6132a-cb45-4ed4-ba76-5dd2874a4bb8,minecraft:bat,true,Bat,[null]
41.64053418629214,43.061804086191884,-240.69976289447243,00b2b44b-ef5a-4036-b15c-537631f7b40d,minecraft:bat,true,Bat,[null]
47.40402589465212,38.67975490410434,-239.33260622161072,4a689842-c784-4299-8a70-28d3027c6c98,minecraft:bat,true,Bat,[null]
48.07378433634356,39.77118621899432,-238.666864895585,42d87d4c-4d74-4078-a7b7-9b9c874b2019,minecraft:bat,true,Bat,[null]
-44.5,31.0,-215.5,d79c10fb-6506-4570-8951-6140f27280b7,minecraft:drowned,true,Drowned,[null]
72.93688166634267,19.0,-184.42559127037805,5dc62d76-d416-4b26-a75b-aeb437c20acc,minecraft:spider,true,Spider,[null]
23.5,22.0,-171.5,345aeda5-8146-44e4-a775-ad9d7f234cf5,minecraft:creeper,true,Creeper,[null]
-10.5,16.0,-219.5,0ac58eeb-25c5-48a9-ab4a-b257451c0b9d,minecraft:skeleton,true,Skeleton,[null]
-105.5,36.0,-225.5,d2886726-28b3-4588-8062-d66d399e804c,minecraft:spider,true,Spider,[null]
-112.19342536664915,38.0,-226.2544795359822,2621b66f-97e9-4c5d-9442-f03bc67323a1,minecraft:zombie,true,Zombie,[null]
60.69999998807906,20.100000023841858,-211.69999998807907,21a0a132-469f-4e77-986c-ed100e140a81,minecraft:spider,true,Spider,[null]
-2.5,48.0,-249.5,6ce15914-bf6e-45b1-95af-276f9fd0d55d,minecraft:drowned,true,Drowned,[null]
-90.5,32.0,-173.5,c6de8a27-54cf-4b3e-a5a1-a918932c2a38,minecraft:drowned,true,Drowned,[null]
63.53926496278602,18.0,-225.73573561120452,431e6309-33b6-498e-b623-08da0559d78e,minecraft:zombie,true,Zombie,[null]
62.501654892588775,26.0,-239.18359208721785,ea083166-cef9-4e1c-a062-b5adca2e30dd,minecraft:zombie,true,Zombie,[null]
-20.5,27.0,-215.5,0f6b3839-429c-49c0-99a7-599e6f96eaf2,minecraft:zombie,true,Zombie,[null]
-50.5,35.0,-87.81146560748175,8c68a3cf-8317-4189-b75a-d4523b83c5bb,minecraft:zombie,true,Zombie,[null]
78.5,57.0,-235.5,d9f43407-d94c-4b4c-af84-d283ba1c3fa4,minecraft:creeper,true,Creeper,[null]
68.82484370570968,20.0,-192.80764368300808,25f9266c-c8c5-4a89-aee0-0b0f84b31f0e,minecraft:spider,true,Spider,[null]
94.5,51.0,-198.5,977da2e5-0a13-48bb-a16d-3b27c4fa2dab,minecraft:creeper,true,Creeper,[null]
105.46348018914459,53.0,-204.22567113455395,242384e0-3a38-42e5-a526-ec66a2f480d9,minecraft:creeper,true,Creeper,[null]
-29.5,38.0,-84.5,d5df4ba6-ab56-48ca-9ed6-a620346d639f,minecraft:drowned,true,Drowned,[null]
37.47745381274384,24.0,-215.16966816912722,6e2d1a82-d4f1-40e8-9139-08a829be07ef,minecraft:creeper,true,Creeper,[null]
68.30000001192093,67.10000002384186,-232.4430942407422,05d7738d-7fd4-4bac-bb25-32d8ca337fe0,minecraft:spider,true,Spider,[null]
31.709385754257855,22.0,-174.53181957820732,d0a5e133-2167-44f5-a20a-ee25b2f3ff37,minecraft:skeleton,true,Skeleton,[null]
60.220253229279564,25.0,-236.1758065796377,2a2fc2b3-6464-4e30-a734-a91dd4f6412d,minecraft:skeleton,true,Skeleton,[null]
51.471235039116785,25.0,-234.71485337364564,5be458c9-9825-4207-8065-dc22557394fb,minecraft:creeper,true,Creeper,[null]
-10.456736762001782,14.0,-221.3234018636636,39c76c31-8e23-4497-abd0-8e168f44c634,minecraft:skeleton,true,Skeleton,[null]
31.5,32.0,-174.5,3ed882f9-e515-4dd5-b1b8-734a5e863127,minecraft:zombie,true,Zombie,[null]
62.5,20.0,-179.5,786106d6-0967-467f-bdf6-d33c7c9d4ad0,minecraft:creeper,true,Creeper,[null]
73.69999998807907,22.100000023841858,-177.6411971114045,58e2cf2b-9bba-42a3-97d3-3e3f2937f304,minecraft:spider,true,Spider,[null]
67.5,21.0,-208.5,2f47d460-5807-429d-89f4-3111bf288815,minecraft:creeper,true,Creeper,[null]
-17.5,33.02499924600113,-105.5,1118a752-f6d7-4617-ba6b-9b49d7f32589,minecraft:drowned,true,Drowned,[null]
34.5,66.0,-225.5,98f49c24-5110-402f-b0e8-69d348bfa4d4,minecraft:player,true,Rafity,[null]
78.22201321743641,48.0,-240.77799452642313,b0f39569-8d4d-4100-a9a0-bf127350e7dc,minecraft:zombie,true,Zombie,[null]
69.7700069063001,53.09435602601295,-237.83136795022656,aeaeacd0-56aa-4a99-96df-41584f624976,minecraft:bat,true,Bat,[null]
104.64307968947831,26.0,-200.6630341662685,e391c908-ad38-4b6d-9ab2-47abf23aab90,minecraft:enderman,true,Enderman,[null]
76.28442393724853,31.100000023841858,-264.75,fe0837f8-186d-4009-ba3f-a6e631cead03,minecraft:bat,true,Bat,[null]
94.73719300229988,21.0,-261.5259065678764,8d597475-b761-4242-a152-89d63800e593,minecraft:skeleton,true,Skeleton,[null]
122.5,24.0,-214.5,9d4e1f10-ca49-4e7f-bb0c-9d674babe68c,minecraft:zombie,true,Zombie,[null]
137.00933603310298,26.048068398989827,-205.84613631185886,a8bc4f0c-a55f-42ed-bb4c-4c68bf7c2ba2,minecraft:bat,true,Bat,[null]
139.10833582068474,25.0,-203.4228108104909,69ce3b2a-d8f4-48e6-af59-e63bb85610e9,minecraft:bat,true,Bat,[null]
131.25,26.100000023841858,-205.75,1c647740-bd53-41e8-b44b-934231cf9a3c,minecraft:bat,true,Bat,[null]
102.25722921521877,16.0,-217.8094558712203,167564d9-8ac6-4598-86b7-dddb593eb8ab,minecraft:zombie,true,Zombie,[null]
99.5,14.0,-224.5,d76cb943-06d6-4577-981d-03066a96c6fa,minecraft:zombie,true,Zombie,[null]
102.26872231097029,15.0,-222.4966113927187,b37de31c-c80c-4cad-8fbf-df67256c916e,minecraft:skeleton,true,Skeleton,[null]
91.26986850881312,23.0,-228.70180578622768,40c8be58-2f18-4a3f-aa7f-b4365e515704,minecraft:spider,true,Spider,[null]
87.5,22.0,-223.5,f4e34a9e-33cb-4b91-903a-80e3fd36010c,minecraft:spider,true,Spider,[null]
41.51175244877207,24.0,-214.6945795286046,fcb2bffd-8f9b-4b4a-8707-9f4f4c8581ce,minecraft:skeleton,true,Skeleton,[null]
46.52434127802384,25.0,-222.28571836724495,dd824e77-3b03-4e50-9ee7-972b6d85b0cb,minecraft:skeleton,true,Skeleton,[null]
38.5,24.0,-217.5,23daec40-0acf-4364-8f8c-4c7403568057,minecraft:skeleton,true,Skeleton,[null]
103.84799257773449,52.0,-256.61700736254227,6bf5aa1a-151f-4a6e-a064-cc35b449a17e,minecraft:creeper,true,Creeper,[null]
-64.1812365589109,31.0,-226.8187640523751,9339d4da-bd25-4f6b-b610-f1de53dda58b,minecraft:drowned,true,Drowned,[null]
47.311496494495096,38.0,-235.5331821032276,0cce448a-b9dd-4897-a4a1-3d1d8ae0591c,minecraft:skeleton,true,Skeleton,[null]
38.5,39.0,-239.5,c499d64b-2799-4b20-92ed-a8ba4f862f7e,minecraft:skeleton,true,Skeleton,[null]
45.33595133455665,39.0,-240.29253058752286,7b395051-e3ea-49b2-bc2c-7102689acf88,minecraft:skeleton,true,Skeleton,[null]
127.61534407246059,23.0,-195.6627934153267,5a7b1865-1721-4e00-8b55-64fe5faab626,minecraft:creeper,true,Creeper,[null]
123.51618122271645,24.0,-192.78381783980907,2c92cd3c-74d5-4864-ab5a-5be81afc0cc4,minecraft:creeper,true,Creeper,[null]
127.32793833946407,22.501446733105105,-197.8180337780064,b725bf30-3b3d-4378-9dad-f360f92787a3,minecraft:creeper,true,Creeper,[null]
-0.5,32.0,-288.5,0a989c99-6903-4e99-9ad2-d998133ae1c5,minecraft:drowned,true,Drowned,[null]
110.84638719211222,16.0,-215.144353732717,0336736e-2e92-4f63-9836-10e162e037e5,minecraft:zombie,true,Zombie,[null]
116.49916271380728,20.0,-222.18172143496287,64b19d9c-16dc-4e80-924d-db9d119accde,minecraft:zombie,true,Zombie,[null]
113.39095545440654,15.0,-213.9958288523537,03babc84-62ec-4c1e-8a24-c2ef5dcfbda3,minecraft:zombie,true,Zombie,[null]
112.5,15.0,-212.5,6d1ece60-96a7-4ac5-a175-a1d151abe843,minecraft:zombie,true,Zombie,[null]
109.5,52.0,-258.5,9f90485e-8729-4bb2-b579-5dfcf5945fed,minecraft:creeper,true,Creeper,[null]
132.5,28.0,-189.5,f82e3e5a-33fa-47f9-800e-55d354db0137,minecraft:creeper,true,Creeper,[null]
78.77291711795623,34.0,-261.1714541812953,fbb5a57a-f22e-4734-96e8-0eb4f703904a,minecraft:skeleton,true,Skeleton,[null]
77.49996808458236,36.0,-261.6766669923645,20c22fa7-5b46-49ae-ac7c-70627d9adc96,minecraft:skeleton,true,Skeleton,[null]
79.0835642080362,36.0,-263.0289468136723,c85bf27d-be66-4468-b3e5-fe8d70d5e771,minecraft:creeper,true,Creeper,[null]
50.78247542531234,24.0,-219.7319722571864,dc3c6e6e-03db-4590-b0c6-30adaf182a23,minecraft:skeleton,true,Skeleton,[null]
51.593459769804085,25.0,-233.8115158807193,79001b20-e8bb-4fc3-a63c-51e2881202e6,minecraft:creeper,true,Creeper,[null]
90.30000001192093,23.0,-229.69999998807907,6c96c255-37c8-4ad0-a178-730802485c2e,minecraft:zombie,true,Zombie,[null]
92.49667423345055,24.0,-228.7358487490415,b9b512c1-ec32-44de-88f5-6728d9204e96,minecraft:zombie,true,Zombie,[null]
152.71262134345992,41.41999998688698,-215.33421346844858,726c2309-1fca-458f-b11a-c9edbbc76472,minecraft:creeper,true,Creeper,[null]
157.5717765869417,38.0,-217.30000001192093,24d8a908-d525-4536-8398-a5221b5006e0,minecraft:creeper,true,Creeper,[null]
156.74660291097896,38.0,-218.75407718351312,d3839150-4550-4831-9c87-732c5afa0026,minecraft:creeper,true,Creeper,[null]
98.87707512419999,17.0,-271.1718563509909,d809491b-781c-480e-97d0-2657f1e39160,minecraft:skeleton,true,Skeleton,[null]
48.5,17.0,-228.5,0e49cf0d-df15-4357-a738-c260790465de,minecraft:creeper,true,Creeper,[null]
43.83902758233127,18.0,-229.45746987333098,d2ef08e1-5c63-4693-83a4-6aba501b0d9e,minecraft:creeper,true,Creeper,[null]
47.896768383480186,17.0,-224.08036068218362,ebd2e914-8252-45ad-9882-841eff1b93e1,minecraft:creeper,true,Creeper,[null]
49.04667652017758,17.0,-224.28846696590503,d3cdda79-a8ac-482e-8fef-aa50c3d9c4db,minecraft:creeper,true,Creeper,[null]
100.5101343145549,16.0,-216.78231367895634,e1883c67-fbe6-4fe6-9f0f-bd7164e0e2ec,minecraft:creeper,true,Creeper,[null]
89.51007510923452,25.121485237610628,-214.32582767286038,5e95d8cd-cf92-4a0b-b62c-667ff9abfcd5,minecraft:bat,true,Bat,[null]
84.57576424757157,18.344935630533513,-218.959637390846,e3cf93f1-14b4-4a4d-82c7-5f2d256022be,minecraft:bat,true,Bat,[null]
73.53150162480257,18.0,-197.52821280041894,2d172041-584a-49cf-9a52-b6167bd0618d,minecraft:skeleton,true,Skeleton,[null]
137.28592778524384,18.0,-182.501832371763,b9979267-7b14-400d-b0a0-1af165b4b0f7,minecraft:skeleton,true,Skeleton,[null]
130.5163134236714,16.0,-188.26565584070738,b9858bba-2b1b-4862-b38c-faf747fbe3db,minecraft:zombie,true,Zombie,[null]
83.5,18.0,-220.5,0cbf9512-3aae-44c1-99ad-a4aa87eb672b,minecraft:zombie,true,Zombie,[null]
82.5,18.0,-222.5,74265f29-86b6-4c09-89ce-1389c742d2a3,minecraft:zombie,true,Zombie,[null]
89.44999999925494,24.0,-296.5,543205c3-78a6-449b-874d-b227af0bc036,minecraft:bat,true,Bat,[null]
91.55000000074506,24.027663999097108,-297.5,978ec63a-a4f6-40de-8f86-40d3f1e9eef1,minecraft:bat,true,Bat,[null]
90.55000000074506,24.027663999097108,-295.55000000074506,3759f209-fd7d-4666-a093-c4e36c5cd822,minecraft:bat,true,Bat,[null]
123.55000000074506,23.027663999097108,-199.44999999925494,4a9ac3d4-d000-462b-81e3-b7025d7e7862,minecraft:bat,true,Bat,[null]
